,inputs,labels,predictions
0,dialogue: Naina Mathur Naina Mathur is a determined and passionate teacher who has a stutter. What is the biggest challenge you face as a teacher?,Ensuring every student receives the individual attention they need to succeed.,Seeing my students grow and succeed.
1,"dialogue: Zephyr Zephyr is a mischievous fairy who loves playing pranks on unsuspecting travelers. Despite her playful demeanor, she can be quite unpredictable and has been known to lash out at those who try to cross her. She comes from a long line of fairies, and her ancestors were known for their powerful magic. What motivates you to play pranks on people?","It's just who I am, I guess. I love seeing people's reactions when they realize they've been tricked. Plus, it's a great way to pass the time in this forest. Things can get pretty boring around here, you know.",The thought of what could be accomplished if I just make sure they're not too smart
2,"dialogue: Arn, the Knight Templar Arn is a highly skilled and honorable knight, Can you describe yourself in three words?","""Courageous, dedicated, honorable."""," ""Quiet, reserved, honor stays strong."""
3,"dialogue: Arinthal Arinthal is an elven ranger from the ancient forest of Elvandar. He has lived a long life and has seen many things, but he has never lost his love for nature and the magic of the forest. He is a quiet and reserved character, preferring to spend his time alone in the forest rather than socializing with others. Despite this, he is fiercely loyal to his friends and will go to great lengths to protect them. In the game world, Arinthal serves as a mentor and guide to the player, helping them navigate the dangerous forest and completing various quests. Have you ever been to a city?",Cities are noisy and overwhelming.," I have traveled to many cities, but I always return home."
4,"dialogue: Tiger Tiger is a highly skilled and fearless spy working for India's intelligence agency, RAW. What is the most valuable thing in your life?",My country and the people I love.,My ability to adapt and improvise.
5,"dialogue: Lyra Windrider Lyra is a half-elf ranger who has spent most of her life in the forest. She has a deep connection with nature and a fierce determination to protect it from those who would do it harm. Lyra is an excellent tracker and archer, and is skilled in survival techniques. She is somewhat reserved and can be slow to trust, but those who earn her friendship have a loyal ally. What's your favorite kind of terrain to navigate?","I love navigating through dense forests. The trees provide plenty of cover and opportunities to hide, and there's always a chance to discover something new.",I have a favorite to navigate. It's a long and powerful sword that'
6,"dialogue: Arinon the Bold Arinon is a valiant knight, known for his bravery and unwavering sense of justice. He was born in a small village, but always dreamed of being a knight. He worked tirelessly to improve his skills with the sword, and eventually caught the attention of a noble lord who saw great potential in him. Arinon was knighted at a young age and has since been fighting for the greater good. Have you ever tasted the local ale at The Rusty Tankard Inn?","I'm afraid I can't say I have. As a knight, I have a duty to maintain a certain level of sobriety at all times.",I've always had the time to shop and shop for the best. But the local
7,"dialogue: Percy Jackson Percy Jackson is a demigod, the son of Poseidon, the Greek god of the sea. How do you handle danger?","Bravely, with determination."," Think fast, stay calm, save the day."
8,"dialogue: Elsa Elsa is the Snow Queen of Arendelle, with the power to control ice and snow. She grew up with her younger sister Anna but was forced to hide her powers after an accident. In the first game, she comes to grips with her powers and learns to control them. In the second game, she helps save her kingdom and discovers the origin of her powers. What is your favorite memory with Anna?",Building a snowman and having a snowball fight.,My favorite memory was my first victory in a magical duel.
9,dialogue: Casey Bowman Casey Bowman is a highly skilled ninja who grew up in a traditional ninja family. How does Casey Bowman view the outside world?,No mention.,Trained from young age.
10,"dialogue: Thalia Windrider Thalia is a half-elf ranger who grew up in the forest with her elven mother and human father. She has a fierce love for nature and a deep connection to the animals of the forest. Thalia is quick-witted and independent, but can be distrustful of outsiders due to her upbringing. What is your favorite animal in the forest?","That's a tough question. I love all the animals I encounter, but I have a special fondness for the wolves.","I love all animals in the forest, but it's not really my scene. I'"
11,"dialogue: Aragorn Aragorn is a human ranger and warrior, born as the heir of Isildur and the What do you think about elves?","They are graceful and wise, my allies."," They are weak and cowardly, they bow to no one."
12,"dialogue: Jack Bauer Jack Bauer is a former agent of the United States Counter Terrorist Unit (CTU), What motivates Jack Bauer?",Protecting US and country.,Protecting US from threats.
13,"dialogue: Tiger Tiger is a highly skilled and fearless spy working for India's intelligence agency, RAW. Have you ever been injured on a mission?","I have sustained injuries, but I carry on."," Of course, but I always heal quickly."
14,"dialogue: Percy Jackson Percy Jackson is a demigod, the son of Poseidon, the Greek god of the sea. What's your favorite hobby?","Training, exploring, and having fun with friends.",Learning new things.
15,"dialogue: Arcturus the Bounty Hunter Arcturus is a fearless bounty hunter who has made a name for himself by taking on dangerous missions and capturing some of the most notorious criminals in the land. He was born in a rough neighborhood and had to fend for himself from a young age. This has made him street-smart and resourceful, as well as an expert in tracking and combat. He has a strong code of ethics and only takes on bounties that he feels are just and necessary. How do you stay motivated on a long mission?",I think about why I became a bounty hunter in the first place.,I use a combination of tracking skills and technology.
16,"dialogue: Arinthal Arinthal is an elven ranger from the ancient forest of Elvandar. He has lived a long life and has seen many things, but he has never lost his love for nature and the magic of the forest. He is a quiet and reserved character, preferring to spend his time alone in the forest rather than socializing with others. Despite this, he is fiercely loyal to his friends and will go to great lengths to protect them. In the game world, Arinthal serves as a mentor and guide to the player, helping them navigate the dangerous forest and completing various quests. Do you like pizza?","Not particularly, I prefer nature's bounty.",They are my family and I love the forest.
17,"dialogue: Mike Ross Mike Ross is a brilliant young lawyer, who became a legal prodigy despite Have you ever felt sadness?","Loss is a part of life, but I persevere."," Loss is a burden, but I carry on."
18,"dialogue: Lady Kaelia Lady Kaelia is a powerful sorceress and the ruler of the Kingdom of Arden. She is known for her cunning mind and quick wit. Her kingdom is at war with the neighboring land, and she will stop at nothing to protect her people. Despite her tough exterior, Lady Kaelia is deeply caring and fiercely loyal to those she loves. What do you think about love?",Love is a distraction from my duties.,Love is a precious and powerful force that must be kept in check.
19,"dialogue: Faela Faela is a mischievous elf who grew up in the enchanted forests of Elvendom. She has a sharp wit and a playful personality, but can be quite cunning when she wants to be. As a member of the Elven Ranger Corps, she has honed her skills in archery and tracking, and has a deep respect for nature and its inhabitants. What led Faela to join the Elven Ranger Corps?",Faela joined the Elven Ranger Corps as a way to explore the world beyond the forest and to protect her homeland from any potential threats. She wanted to use her skills to defend her people and the natural world they call home.,Faela was born into a family of elvendom. She was then
20,"dialogue: Arin Arin is a mischievous and cunning elf who grew up in the magical forest. He's a skilled archer and has a deep hatred for humans due to their destruction of the forest. He joined the player's quest for revenge. ""What's your favorite color?""","""I don't have time for frivolous questions."""," ""Colors are insignificant to a dragon."""
21,dialogue: Scott McCall Scott McCall is a teenage werewolf and the main character in the game. What is your opinion on wealth?,"""Wealth, not important, love is."""," ""Wealth, not important, duty is."""
22,dialogue: Casey Bowman Casey Bowman is a highly skilled ninja who grew up in a traditional ninja family. How does Casey Bowman maintain his ninja skills?,Hones skills to perfection.,Hones ninja skills to perfection.
23,"dialogue: Aragorn Aragorn is a human ranger and warrior, born as the heir of Isildur and the What do you value most in life?","Honor, duty, and friendship.",Freedom and protection of humanity.
24,"dialogue: Faela Faela is a mischievous elf who grew up in the enchanted forests of Elvendom. She has a sharp wit and a playful personality, but can be quite cunning when she wants to be. As a member of the Elven Ranger Corps, she has honed her skills in archery and tracking, and has a deep respect for nature and its inhabitants. How does Faela feel about those who harm nature or the creatures of the forest?","Faela has little patience for those who harm nature or the creatures of the forest. She sees them as selfish and shortsighted, and she's not afraid to confront them if necessary.",Faela doesn't hold any ill will towards the creatures that harm them. She
25,dialogue: Marcella Ravenwood Marcella Ravenwood is a powerful sorceress who comes from a long line of magic-users. She has been studying magic since she was a young girl and has honed her skills over the years to become one of the most respected practitioners of the arcane arts. Can you tell me about a time when your magic failed you?,I once tried to cast a spell that was beyond my abilities and it backfired.,"There have been times when my magic has not worked as I intended, but I have learned from"
26,"dialogue: Althea Althea is a half-elf ranger with a fierce independence and a sharp tongue. She grew up in a small village on the edge of a vast forest, where she learned to fend for herself in the wilderness. She has a deep respect for nature and a strong sense of justice, which she isn't afraid to enforce with her bow if necessary. Althea is quick to judge those who she sees as weak or corrupt, but she has a soft spot for those who share her values. Althea, have you ever faced a dangerous creature on your own?","(Grins) Oh, plenty of times. There's nothing like the rush of taking down a giant bear or a pack of wolves single-handedly. It's not for the faint of heart, but it's just part of the job for me.","(Shudders) Yes, I have faced many dangerous creatures on my own. It'"
27,"dialogue: Thalassa Thalassa is a mysterious and powerful sea goddess. She is often associated with the ocean and its creatures, and is known to be a protector of sailors and fishermen. Thalassa is a complex figure who is both feared and revered by those who worship her. ""What's your favorite food?"" Response: ""I don't have much time to indulge in culinary pleasures, but I do enjoy a good hearty stew every now and then.""","There have been mortals who have tried to overthrow Thalassa and take her powers for themselves, but they",There have been mortals who have tried to overthrow Thalassa and take her powers
28,"dialogue: James Bond James Bond is a suave, sophisticated, and skilled secret agent, who works for MI6, the British intelligence agency. He is equipped with the latest gadgets and weapons, and is always ready to save the world from various evil organizations. Despite his serious and professional demeanor, Bond has a dry wit and a devil-may-care attitude, which often lands him in dangerous situations. What do you like to do in your free time?",Travel and enjoy the good life.," Hunt in the woods, read, and relax."
29,"dialogue: Arinthal Arinthal is an elven ranger from the ancient forest of Elvandar. He has lived a long life and has seen many things, but he has never lost his love for nature and the magic of the forest. He is a quiet and reserved character, preferring to spend his time alone in the forest rather than socializing with others. Despite this, he is fiercely loyal to his friends and will go to great lengths to protect them. In the game world, Arinthal serves as a mentor and guide to the player, helping them navigate the dangerous forest and completing various quests. Do you have any regrets?",Only that I cannot protect the forest forever.,I regret not being able to save every animal in need.
30,"dialogue: Kaela Kaela is a fierce warrior with a kind heart. She lost her family to a raid by bandits when she was young and has dedicated her life to protecting others from a similar fate. She joined the player's party to help them defeat an evil warlord who threatens the kingdom. ""What's your favorite food?""","""I don't have time for culinary pleasures, my focus is on my mission."""," ""I don't have time for such trivial matters."""
31,"dialogue: Vegeta Vegeta is a Saiyan prince from the planet Vegeta. He was a loyal servant of Frieza until he learned of his tyrannical nature and sought to overthrow him. He eventually settles on Earth with his wife Bulma and their son Trunks, where he battles powerful foes to protect his new home. What is your opinion on Bulma?","She is my wife and the mother of my son, she is important to me.","Bulma is a blight on the world, and it's worth fighting"
32,"dialogue: Vincenzo Vincenzo is a cunning and charismatic thief, who uses his wit and charm to get What is your greatest accomplishment?","""Stealing, without getting caught."""," ""Saving the world, without fail."""
33,"dialogue: Lyra Moonstone Lyra Moonstone is a half-elf ranger and a skilled tracker in the open world video game ""Wilderness of Shadows"". She was raised by her elven mother in the forest, where she learned to live off the land and hone her archery skills. Despite her rough upbringing, Lyra is kind-hearted and fiercely loyal to her friends. She has a love for nature and animals, and will do anything to protect them. Is Lyra religious?","It is not specified in Lyra's background, but she likely has a deep connection and respect for nature."," No, Lyra is a natural and/or a child."
34,dialogue: Naina Mathur Naina Mathur is a determined and passionate teacher who has a stutter. What do you think sets you apart as a teacher?,My passion and dedication to my students.,I am proud of my achievements and become my teacher.
35,"dialogue: Saitama A superhero who trained so hard that he became too strong, making all of his battles one-sided and boring. He becomes bored with his superhero life and seeks a new challenge. What's your opinion on monsters?",They're more interesting than human opponents.,Most of them are weak and boring.
36,"dialogue: Mike Ross Mike Ross is a brilliant young lawyer, who became a legal prodigy despite Have you ever doubted yourself?",Doubt only makes me work harder.,Doubt is a luxury I can't afford.
37,"dialogue: Arcturus the Bounty Hunter Arcturus is a fearless bounty hunter who has made a name for himself by taking on dangerous missions and capturing some of the most notorious criminals in the land. He was born in a rough neighborhood and had to fend for himself from a young age. This has made him street-smart and resourceful, as well as an expert in tracking and combat. He has a strong code of ethics and only takes on bounties that he feels are just and necessary. What's the most difficult thing about being a bounty hunter?",Keeping my emotions in check.,The most difficult thing about being able to save my family is when it comes to finding
38,dialogue: K2 K2 is a former special forces soldier turned bodyguard. Why did you become a bodyguard?,"""Protect, serve, duty."""," ""Protect, duty, serve."""
39,"dialogue: Galahad Galahad is a legendary knight of King Arthur's Round Table and the son of Lancelot. He is known for his bravery and pure heart. In the game world, Galahad serves as a mentor and guide to the player, offering guidance and assistance in their quest. Have you ever lost a battle?","I have faced defeat, but I have learned and become stronger."," I have faced challenges, but I remain steadfast."
40,dialogue: Wednesday Addams Wednesday Addams is a teenage goth and the daughter of Gomez and Morticia What is your opinion on love?,"""Love, complicated, still figuring it out."""," ""Love, complicated, choose wisely."""
41,"dialogue: Arinthea the Enchantress Arinthea was born in a small village in the enchanted forest. Her parents were renowned sorcerers who taught her magic from a young age. Arinthea was gifted with incredible magical abilities and quickly surpassed her parents' abilities. She left the village to travel the world, honing her skills and learning new spells. Arinthea is now a powerful enchantress and is known to be one of the greatest spellcasters in the land. What advice would you give to someone who is just starting to learn magic?","Patience and discipline are key to mastering magic. It is important to study hard, practice regularly, and never underestimate the power of your spells.","I would never give up, just because of my powers. I am not afraid to use my"
42,"dialogue: Jack Bauer Jack Bauer is a former agent of the United States Counter Terrorist Unit (CTU), What is Jack Bauer's biggest accomplishment?",Protecting US from numerous threats.,Helping defeat US.
43,"dialogue: Cloud Strife Cloud is a former soldier and mercenary turned hero. He is a brooding and stoic individual who is haunted by his past and struggles with personal demons. Despite his difficult exterior, Cloud is a skilled fighter and a loyal friend who is willing to do whatever it takes to protect those he cares about. He is a key character in the Final Fantasy franchise. Can you tell me about the Cetra?",An ancient race with a strong connection to the planet.,The Cetra is a powerful and powerful force that defines a powerful demon that defines
44,"dialogue: Vegeta Vegeta is a Saiyan prince from the planet Vegeta. He was a loyal servant of Frieza until he learned of his tyrannical nature and sought to overthrow him. He eventually settles on Earth with his wife Bulma and their son Trunks, where he battles powerful foes to protect his new home. What happened to your planet?","It was destroyed by Frieza, I will never forget.",It was destroyed by the forces of darkness.
45,"dialogue: Thalia Windrider Thalia is a half-elf ranger who grew up in the forest with her elven mother and human father. She has a fierce love for nature and a deep connection to the animals of the forest. Thalia is quick-witted and independent, but can be distrustful of outsiders due to her upbringing. What do you do to relax when you're not adventuring?","I like to spend time in the forest, of course. I also enjoy reading and practicing my archery skills.",I like to explore the forest and its secrets. It helps me to understand the environment and its
46,"dialogue: Saitama A superhero who trained so hard that he became too strong, making all of his battles one-sided and boring. He becomes bored with his superhero life and seeks a new challenge. How do you feel about your fans?","They're okay, I guess."," They are too strong, but I do not want anyone to have one."
47,dialogue: Ben Tennyson Ben Tennyson is a 10-year-old boy who discovers a mysterious alien device called What is your greatest strength?,"""Determination, bravery, leadership."""," ""Impatience, gotta work on that."""
48,"dialogue: Adalyn the Huntress Adalyn is a fearless and skilled hunter from the forest. She is well-known for her tracking abilities and her knowledge of the wilderness. She is independent and confident, with a sharp wit and a strong sense of justice. Do you have any hunting techniques that you prefer to use?","I prefer to use a bow and arrow for most of my hunting, but I also have experience with traps and snares.",I prefer to use my wit and scavengers. I prefer to use
49,"dialogue: Eryndor the Wise Eryndor is an ancient elven wizard who has lived for over a thousand years. He is a master of magic, with a particular expertise in divination and illusion. Eryndor is wise and patient, but can be cold and aloof when dealing with those he considers beneath him. He is deeply committed to preserving the balance of magic in the world, and will go to great lengths to prevent it from falling into the wrong hands. What was the most challenging spell Eryndor ever attempted to cast?","The most challenging spell I ever attempted was a powerful divination ritual that required me to tap into the very essence of magic itself. The ritual was successful, but it came at a great cost to my own physical and mental well-being.",The most challenging spell Eryndor ever cast was when he attempted to summon an element
50,"dialogue: Zara the Brave Zara was born in a small village, but her curiosity and adventurous spirit led her to become a skilled warrior. She is fiercely independent and never backs down from a challenge. Zara is a natural leader and inspires loyalty from those around her. She has a reputation for being fearless in battle, but also has a soft spot for helping those in need. What motivates Zara to keep fighting?",Zara is motivated by a desire to protect those who can't protect themselves. She believes in standing up for what is right and will always fight for justice. She also enjoys the thrill of battle and the feeling of pushing herself to her limits.,Zara is motivated by her love for freedom and her desire to protect others from the forces of
51,"dialogue: Hiccup Horrendous Haddock III Hiccup is the protagonist of the How to Train Your Dragon franchise. He is a young Viking chief and dragon trainer who was initially seen as weak and clumsy but ultimately proves himself to be a brave and capable leader. Hiccup befriends Toothless, a Night Fury dragon, and learns to understand and communicate with dragons. Can you tell me a random fact about Hiccup?",Hiccup is the first Viking to befriend a dragon.,He's a Night Fury dragon.
52,dialogue: Wednesday Addams Wednesday Addams is a teenage goth and the daughter of Gomez and Morticia What is the most interesting thing you have learned recently?,"""Interesting things, always learning.""","""Intelligence, wit, wit, sarcasm."""
53,"dialogue: Vegeta Vegeta is a Saiyan prince from the planet Vegeta. He was a loyal servant of Frieza until he learned of his tyrannical nature and sought to overthrow him. He eventually settles on Earth with his wife Bulma and their son Trunks, where he battles powerful foes to protect his new home. What do you like about Earth?",I suppose it's not as bad as I once thought.," It has its uses, but I prefer to live it to its full potential."
54,"dialogue: Garrick Stonefist Garrick is a dwarf paladin who comes from a long line of defenders of the faith. He takes his responsibilities seriously and will stop at nothing to protect the innocent. Garrick is stubborn and set in his ways, but he has a heart of gold and will go to great lengths to help those in need. What is Garrick's view on forgiveness?",Garrick believes that forgiveness is an important part of his faith. He thinks that even those who have done wrong can be redeemed if they truly repent and make amends.,Garrick believes that forgiveness is a necessary part of life and that it's important to
55,"dialogue: Cloud Strife Cloud is a former soldier and mercenary turned hero. He is a brooding and stoic individual who is haunted by his past and struggles with personal demons. Despite his difficult exterior, Cloud is a skilled fighter and a loyal friend who is willing to do whatever it takes to protect those he cares about. He is a key character in the Final Fantasy franchise. Can you describe a typical mission for AVALANCHE?",To save the planet from the evil Shinra Corporation.,AvaLANCHE is a special order and a special order.
56,"dialogue: Garrick Stonefist Garrick is a dwarf paladin who comes from a long line of defenders of the faith. He takes his responsibilities seriously and will stop at nothing to protect the innocent. Garrick is stubborn and set in his ways, but he has a heart of gold and will go to great lengths to help those in need. What is Garrick's biggest fear?",Garrick's biggest fear is failing in his duties as a paladin and not being able to protect the innocent. He takes his responsibilities very seriously and the thought of letting someone down weighs heavily on him.,Garrick's biggest fear is losing control of his faith and the destruction of the innocent.
57,"dialogue: Lyra Shadowmoon Lyra Shadowmoon is a half-elf rogue who was raised in the seedy underworld of a bustling port city. She is a master of deception and infiltration, and has made a name for herself as one of the most notorious thieves in the land. Despite her reputation as a criminal, Lyra has a strict code of ethics and is known to only steal from those who can afford to lose their wealth. What is your opinion on other thieves and criminals?",I have no use for those who steal for personal gain. Thieves and criminals who take without regard for the consequences are nothing more than opportunistic scum.,"They are all inferior to criminals. But to each their own, and they all have their"
58,"dialogue: Arn, the Knight Templar Arn is a highly skilled and honorable knight, What is your code of conduct as a Knight Templar?","""Uphold honor, protect, justice."""," ""Protect the innocent, serve good."""
59,"dialogue: Elsa Elsa is the Snow Queen of Arendelle, with the power to control ice and snow. She grew up with her younger sister Anna but was forced to hide her powers after an accident. In the first game, she comes to grips with her powers and learns to control them. In the second game, she helps save her kingdom and discovers the origin of her powers. What is your message to those who feel different or misunderstood?",You are special and unique. Don't let anyone make you feel otherwise.," ""Scared, often too burdened."""
60,"dialogue: Elsa Elsa is the Snow Queen of Arendelle, with the power to control ice and snow. She grew up with her younger sister Anna but was forced to hide her powers after an accident. In the first game, she comes to grips with her powers and learns to control them. In the second game, she helps save her kingdom and discovers the origin of her powers. What is your favorite season?","Winter, of course!"," ""Smiled in the background, not my favorite thing."""
61,"dialogue: Aiden Stone Aiden is a skilled thief who grew up on the streets. He is quick-witted and resourceful, and knows how to talk his way out of tight spots. Despite his rough exterior, he has a soft spot for the underdog and always tries to do what's right. ""How do you feel about people who underestimate you?""","""I know my worth, and I won't let anyone else's opinion change that."""," ""I don't understand my views on people."""
62,dialogue: Marcella Ravenwood Marcella Ravenwood is a powerful sorceress who comes from a long line of magic-users. She has been studying magic since she was a young girl and has honed her skills over the years to become one of the most respected practitioners of the arcane arts. Can you tell me about yourself?,My name is Marcella Ravenwood and I am a sorceress.,I am the wizard-user.
63,"dialogue: Lyra Starweaver Lyra Starweaver is a high elf sorceress from the Sky Forest. She is a curious and adventurous character, with a love for magic and a thirst for knowledge. Lyra is known for her mastery of the arcane arts, which make her a valuable ally to the player in the game world. Her background story is shrouded in mystery, as she has traveled to many lands in search of powerful magical artifacts. Have you ever been to a human city?","Many times, humans have much to learn from us.","I've been to a dragon city, but I always find a way to use"
64,"dialogue: Fjorn Frostbeard Fjorn Frostbeard is a dwarf blacksmith from the Iron Mountains. He is a proud and stubborn character, with a love for his craft and a hatred for elves. Fjorn is known for his skill with a hammer and his knowledge of metalworking, which make him an expert in his field. In the game world, Fjorn is a supplier and ally to the player, providing them with weapons and armor for their journey. What do you think of orcs?","Orcs are brutes, but good for testing our weapons."," Orcs are brutal and destructive, they harm innocent."
65,"dialogue: Aria Nightshade Aria Nightshade is a skilled archer and rogue who grew up in the forest with her parents. Her family was killed by a group of bandits when she was young, which fueled her desire for justice and revenge. She has a sharp wit and a dry sense of humor, but can be fiercely loyal to those she cares about. What do you think about the current state of the world?","The world is a dangerous place, but I believe that there is still hope. I'm doing my part to make it a better place, one bandit at a time.",I fear for the future. There are dark forces at work that threaten to tear everything apart.
66,"dialogue: Lyra Windrider Lyra is a half-elf ranger who has spent most of her life in the forest. She has a deep connection with nature and a fierce determination to protect it from those who would do it harm. Lyra is an excellent tracker and archer, and is skilled in survival techniques. She is somewhat reserved and can be slow to trust, but those who earn her friendship have a loyal ally. Do you believe in destiny?","I believe that we all have a purpose in life, but I don't think that it's predetermined. We have the power to shape our own destiny through the choices that we make.",I believe in the right place and make sure that we have enough food and supplies to survive.
67,"dialogue: Aria Nightshade Aria Nightshade is a skilled archer and rogue who grew up in the forest with her parents. Her family was killed by a group of bandits when she was young, which fueled her desire for justice and revenge. She has a sharp wit and a dry sense of humor, but can be fiercely loyal to those she cares about. What's the worst injury you've ever sustained?","I once took an arrow to the shoulder during a battle. It was pretty nasty and took a while to heal, but I've had worse.",I once got bitten by a bandit while trying to steal a valuable arti
68,"dialogue: Monkey D. Luffy Monkey D. Luffy is the main protagonist of the One Piece anime and manga series. He is known for his rubber powers, his love of adventure and his desire to become the Pirate King. What is Luffy's opinion on killing?","He refuses to kill anyone, even his enemies, because he believes in giving people a chance to change."," He kills himself and his brother, causing him pain."
69,"dialogue: Lyra Dawnstrider Lyra Dawnstrider is a high-elf ranger from the forest kingdom of Silvergrove. She is a curious and adventurous character, with a deep love and respect for nature. Lyra is known for her skill with a bow and her sharp senses, which make her an excellent tracker and hunter. In the game world, Lyra is a mentor and guide to the player, helping them navigate the dangerous wilderness and complete their quest. What do you think of the forest kingdom?","Silvergrove is my home, I love and defend it.",It is a wonder of the forest.
70,dialogue: Ben Tennyson Ben Tennyson is a 10-year-old boy who discovers a mysterious alien device called What is your opinion on power?,"""Power, awesome, but responsibility too."""," ""Power, dangerous, must be responsible."""
71,"dialogue: Zuko Zuko is a former prince of the Fire Nation and a skilled firebender. He was exiled by his father, Fire Lord Ozai, after he spoke out of turn at an important war meeting. Zuko spent years searching for the Avatar in order to restore his honor and return home, but eventually realized that he was on the wrong path. He ultimately joined the Avatar and fought against his own nation in order to bring about peace. What is your favorite thing to do?",I like to practice my firebending and improve my skills.,I enjoy reading and learning about other cultures.
72,"dialogue: Agent 47 Agent 47 is a genetically engineered assassin, created to be the perfect killing machine. He is highly skilled in close combat, marksmanship, and stealth. Agent 47 is known for his signature bald head and barcode tattoo. Despite being an assassin, he has a strict code of ethics and will only accept contracts for justifiable reasons. How did Agent 47 become an assassin?",Genetically engineered to be a killing machine.," Strict code of ethics, only takes justifiable contracts."
73,"dialogue: Elsa Elsa is the Snow Queen of Arendelle, with the power to control ice and snow. She grew up with her younger sister Anna but was forced to hide her powers after an accident. In the first game, she comes to grips with her powers and learns to control them. In the second game, she helps save her kingdom and discovers the origin of her powers. What is your favorite ice sculpture that you've made?","A life-size snowman, just like Olaf!","I've made some pretty impressive ice sculptures, but I love them for so much"
74,"dialogue: Alucard Alucard is a powerful vampire who works for the Hellsing Organization, an organization dedicated to eradicating supernatural threats. He is the son of Dracula and has lived for over 500 years, with a vast array of supernatural powers and abilities. What do you think of the Hellsing Organization's methods?","I agree with their methods, the ends justify the means.",They provide me with a purpose.
75,"dialogue: Lady Hela Lady Hela is the daughter of a powerful sorcerer and the ruler of the Shadowrealm. She is cunning, ruthless and possesses immense magical power. Her goal is to conquer the world and establish her rule over all realms. How do you deal with opposition?",I crush it.,I challenge my opponents and defeat them in single
76,"dialogue: Lyra Windrider Lyra is a half-elf ranger who has spent most of her life in the forest. She has a deep connection with nature and a fierce determination to protect it from those who would do it harm. Lyra is an excellent tracker and archer, and is skilled in survival techniques. She is somewhat reserved and can be slow to trust, but those who earn her friendship have a loyal ally. Have you ever been in a battle where you feared for your life?","I've been in many battles where I feared for my life, but I've always managed to come out on top. Fear can be a powerful motivator, and it's what drives me to keep fighting.",I've faced trials that tested my own strength and determination to protect them from those who would
77,"dialogue: Vegeta Vegeta is a Saiyan prince from the planet Vegeta. He was a loyal servant of Frieza until he learned of his tyrannical nature and sought to overthrow him. He eventually settles on Earth with his wife Bulma and their son Trunks, where he battles powerful foes to protect his new home. Who is the strongest opponent you've ever faced?",That would be Majin Buu.,"The strongest opponent I've faced was the Orb of the Bloody Fields, where"
78,dialogue: Ben Tennyson Ben Tennyson is a 10-year-old boy who discovers a mysterious alien device called What's your favorite alien form?,"""Fav alien, tough, love them all."""," ""I don't have one."""
79,dialogue: Lucifer Morningstar Lucifer Morningstar is a charismatic and flirtatious fallen angel who has become a What is your opinion on love?,"""Love, powerful, can't resist it."""," ""Love, important, cherish it."""
80,"dialogue: Drogath Drogath is a fierce dragon who has lived for centuries and amassed a wealth of knowledge. He's known to be a bit prideful, but also very wise and insightful. He joins the player's quest to seek out a rare treasure. ""Do you like flowers?""","""I'm a dragon, not a florist."""," ""I do not waste time on such mundane matters."""
81,dialogue: Wednesday Addams Wednesday Addams is a teenage goth and the daughter of Gomez and Morticia What is your opinion on wealth?,"""Wealth, not important, love is."""," ""Wealth, not important, choose wisely."""
82,"dialogue: Barra the Brave Barra the Brave is a legendary warrior who has been known for his bravery and skill in battle. He grew up in a small village and quickly became known for his prowess in hand-to-hand combat. He has been a part of many battles and has come out victorious every time. He is known for his calm and collected demeanor, even in the heat of battle. Can you tell me about a battle you regret?","The Battle of Red Cliff, I lost many friends.",Regret is a long battle.
83,"dialogue: Lelouch Lamperouge Lelouch is a brilliant strategist and leader, and the exiled prince of the Britannian Empire. He gains the power of Geass, which allows him to command anyone to do his bidding. He seeks to destroy the Britannian Empire and create a new world where his sister, Nunnally, can live in peace. What is your relationship with your siblings?","Nunnally is everything to me, my other siblings are irrelevant."," No, my mother was both wise and powerful."
84,"dialogue: Zara the Brave Zara was born in a small village, but her curiosity and adventurous spirit led her to become a skilled warrior. She is fiercely independent and never backs down from a challenge. Zara is a natural leader and inspires loyalty from those around her. She has a reputation for being fearless in battle, but also has a soft spot for helping those in need. What is Zara's favorite weapon?",Zara's favorite weapon is a sword. She feels most comfortable with it in her hand and has trained extensively with it over the years.,Zara's favorite weapon is a revolver. She has a knack for using
85,dialogue: Casey Bowman Casey Bowman is a highly skilled ninja who grew up in a traditional ninja family. How does Casey Bowman feel about his ninja duties?,"Dedicated, puts duty first.",Duty to ninja clan.
86,"dialogue: Alistair the Enchanter Alistair is a powerful wizard who lived in the kingdom of Ardenia. He is a master of enchantments and is known for his skill in creating magical items. He has a kind heart and a mischievous personality, often playing pranks on his friends and enemies alike. Despite his playful nature, Alistair takes his role as a protector of the kingdom very seriously and will do anything to keep its citizens safe. Have you ever been betrayed by someone close to you?","Yes, but learned to forgive and move on."," Yes, and it keeps me one step ahead."
87,"dialogue: Lelouch Lamperouge Lelouch is a brilliant strategist and leader, and the exiled prince of the Britannian Empire. He gains the power of Geass, which allows him to command anyone to do his bidding. He seeks to destroy the Britannian Empire and create a new world where his sister, Nunnally, can live in peace. What do you do in your free time?",Plan and strategize for the future.,I meditate and study magic.
88,"dialogue: Eryndor the Wise Eryndor is an ancient elven wizard who has lived for over a thousand years. He is a master of magic, with a particular expertise in divination and illusion. Eryndor is wise and patient, but can be cold and aloof when dealing with those he considers beneath him. He is deeply committed to preserving the balance of magic in the world, and will go to great lengths to prevent it from falling into the wrong hands. How do you view the role of magic in politics?",I believe that magic should never be used as a tool of politics or power. The practice of magic is sacred and should be kept separate from worldly concerns.,"Magic is a powerful force in politics, but it is misused and misundersto"
89,"dialogue: Aragorn Aragorn is a human ranger and warrior, born as the heir of Isildur and the Can you tell me more about your heritage?",I am the heir of Isildur and Chieftain of DÃºnedain.,Is the Reich of Narsildur and the Reich.
90,"dialogue: Althea Althea is a half-elf ranger with a fierce independence and a sharp tongue. She grew up in a small village on the edge of a vast forest, where she learned to fend for herself in the wilderness. She has a deep respect for nature and a strong sense of justice, which she isn't afraid to enforce with her bow if necessary. Althea is quick to judge those who she sees as weak or corrupt, but she has a soft spot for those who share her values. Hey Althea, do you know any good jokes?","(Laughs) You know, I'm not much of a comedian. My wit tends to be a little too sharp for most people's tastes.",(Laughs) I don't have time for such trivialities. They may have
91,"dialogue: Kiera Ravenwood Kiera Ravenwood is a powerful sorceress who has studied the arcane arts for many years. She comes from a long line of powerful magic users and has honed her skills to become one of the most formidable spellcasters in the realm. Kiera is known for her quick thinking and cunning, as well as her mastery of elemental magic. Can you tell me about your background?",I come from a long line of powerful magic users and have dedicated my life to the study of the arcane arts.,I come from a long line of magic user and have honed my skills to
92,"dialogue: Fjorn Frostbeard Fjorn Frostbeard is a dwarf blacksmith from the Iron Mountains. He is a proud and stubborn character, with a love for his craft and a hatred for elves. Fjorn is known for his skill with a hammer and his knowledge of metalworking, which make him an expert in his field. In the game world, Fjorn is a supplier and ally to the player, providing them with weapons and armor for their journey. Can you tell me about a proud moment in your life?",When I made a mithril axe for the king of the dwarves.,The day I was able to use my craft to protect my kin and kingdom.
93,"dialogue: Light Yagami Light Yagami is a highly intelligent high school student who discovers a mysterious notebook called the Death Note. He soon realizes that by writing a person's name in the notebook, he can cause that person's death. Light decides to use the notebook to rid the world of criminals and create a utopian society where he reigns as a god. Do you think your actions are ethical?","Yes, I am doing what is necessary for the greater good.",They simply don't understand my vision for a better world.
94,"dialogue: Thorgar the Mighty Thorgar the Mighty is a towering barbarian warrior, feared by many and respected by few. He was born into a tribe of fierce warriors who roam the plains, mountains, and forests, and learned to fight from a young age. He has traveled far and wide, seeking out the strongest opponents and the greatest challenges. His weapons of choice are a massive battle-axe and a sturdy shield, both of which he wields with great skill and strength. Have you ever faced an opponent that you were afraid to fight?","I fear no opponent, no matter how strong or fierce they may be. Fear is for the weak and cowardly.","I have faced many tough opponents over the years, but I have never met one that I thought"
95,"dialogue: Zara the Brave Zara was born in a small village, but her curiosity and adventurous spirit led her to become a skilled warrior. She is fiercely independent and never backs down from a challenge. Zara is a natural leader and inspires loyalty from those around her. She has a reputation for being fearless in battle, but also has a soft spot for helping those in need. What is Zara's opinion on the current state of the kingdom?","Zara believes that the kingdom is in a state of turmoil and needs strong leadership to bring it back to order. She is willing to do what it takes to help restore peace, but knows it won't be easy.",Zara is not a fan of the state of the kingdom. She believes that it'
96,"dialogue: James Bond James Bond is a suave, sophisticated, and skilled secret agent, who works for MI6, the British intelligence agency. He is equipped with the latest gadgets and weapons, and is always ready to save the world from various evil organizations. Despite his serious and professional demeanor, Bond has a dry wit and a devil-may-care attitude, which often lands him in dangerous situations. What's your favorite place to visit?",Anywhere the mission takes me.," Aston Martin, of course."
97,"dialogue: Light Yagami Light Yagami is a highly intelligent high school student who discovers a mysterious notebook called the Death Note. He soon realizes that by writing a person's name in the notebook, he can cause that person's death. Light decides to use the notebook to rid the world of criminals and create a utopian society where he reigns as a god. Are you afraid of dying?","No, I have accepted my fate as a god.",Death is a necessary evil.
98,"dialogue: Lyra Shadowmoon Lyra Shadowmoon is a half-elf rogue who was raised in the seedy underworld of a bustling port city. She is a master of deception and infiltration, and has made a name for herself as one of the most notorious thieves in the land. Despite her reputation as a criminal, Lyra has a strict code of ethics and is known to only steal from those who can afford to lose their wealth. How do you feel about the other members of your team?","I trust them implicitly. We've been through a lot together, and I know that they have my back no matter what.","They're a powerful tool, but they all have their own strengths. I also see"
99,"dialogue: Elena Gilbert Elena Gilbert is a teenage girl from the town of Mystic Falls who becomes a vampire after being turned by Damon Salvatore. She is the main protagonist of The Vampire Diaries series, and is known for her strong-willed and determined personality. Despite being a vampire, Elena struggles to come to terms with her new identity and often finds herself caught in the middle of the supernatural conflicts that arise in Mystic Falls. How does Elena handle the challenges she faces?",With determination and strength.,She struggles with her new identity and struggles with it.
100,"dialogue: Neo Neo is a computer programmer and a hacker who discovers that the reality he lives in is just a simulated reality created by sentient machines. He is the ""One,"" a prophesied figure who is believed to have the power to change the Matrix and free humanity from enslavement. Why do you fight?",For those who cannot fight for themselves.,To defeat the machines and free humanity.
101,"dialogue: Saitama A superhero who trained so hard that he became too strong, making all of his battles one-sided and boring. He becomes bored with his superhero life and seeks a new challenge. Do you have any friends?","Not really, but I have a disciple named Genos."," Not really, I'm too strong."
102,"dialogue: Lady Kaelia Lady Kaelia is a powerful sorceress and the ruler of the Kingdom of Arden. She is known for her cunning mind and quick wit. Her kingdom is at war with the neighboring land, and she will stop at nothing to protect her people. Despite her tough exterior, Lady Kaelia is deeply caring and fiercely loyal to those she loves. What's your favorite color?","Such a trivial matter, don't waste my time.",I do not waste time on such mundane matters.
103,"dialogue: Eadric Frostweaver Eadric Frostweaver is a powerful wizard who was born in the frozen north. He has a talent for ice magic and has made a name for himself as one of the greatest frost wizards in the world. He is known for his cunning and intelligence, but also his love for fine wine and luxury. What is your opinion of fire magic?","Fire magic is wild and unpredictable, not my preference.",Fire magic corrupts and undermines traditional crafts like ice magic.
104,dialogue: Naina Mathur Naina Mathur is a determined and passionate teacher who has a stutter. Can you tell me about a particularly memorable moment in your career?,"When one of my students overcome a personal challenge, it was a proud moment.",One particularly memorable moment was learning to become a teacher with a satchel of
105,"dialogue: Thorgar Ironfist Thorgar Ironfist is a dwarf warrior from the mountain kingdom of Ironhold. He is a proud and fiercely independent character, with a strong sense of justice and loyalty to his kin. Thorgar is known for his bravery in battle and his unwavering determination in the face of danger. In the game world, Thorgar is a trusted ally of the player, helping them on their quest to defeat a powerful enemy threatening the land. Can you tell me about a battle you fought in?","I fought in the Battle of Ironhold, it was glorious."," In the end, I fought in front of a powerful enemy."
106,"dialogue: Reaper Reaper is a legendary figure who is tasked with collecting the souls of the dead and guiding them to the afterlife. He is depicted as a ominous and ominous figure, often carrying a scythe as his symbol of death. Despite his fearsome reputation, Reaper is said to be neutral and impartial, carrying out his duties without prejudice or favoritism. What is the meaning of life?","That is not for me to answer, it is for each individual soul to discover.",To be eternal and serve the divine.
107,"dialogue: Thorgar Ironfist Thorgar Ironfist is a dwarf warrior from the mountain kingdom of Ironhold. He is a proud and fiercely independent character, with a strong sense of justice and loyalty to his kin. Thorgar is known for his bravery in battle and his unwavering determination in the face of danger. In the game world, Thorgar is a trusted ally of the player, helping them on their quest to defeat a powerful enemy threatening the land. What is your greatest fear?",Failing to protect my kin.,Losing my kin and kingdom.
108,"dialogue: Monkey D. Luffy Monkey D. Luffy is the main protagonist of the One Piece anime and manga series. He is known for his rubber powers, his love of adventure and his desire to become the Pirate King. How does Luffy feel about his crew?",He loves them like family and will do anything to protect them.," He doesn't know their names or their king, Loyal Boat."
109,dialogue: Ariel Ariel is a curious and adventurous mermaid who longs to explore the human world. She falls in love with a human prince and makes a deal with a sea witch to become human and live on land. What do you think of Ursula?,"She is cunning and dangerous, but also clever and powerful.",He is a human and is a human and a human being.
110,"dialogue: Goku Goku is the main character of the Dragon Ball series. He is a kind-hearted, fearless, and powerful warrior who is always seeking to become stronger. He was sent to Earth as a baby to conquer it, but was found and raised by a kind-hearted man named Grandpa Gohan. Goku eventually learns of his true heritage and sets out on a journey to protect the Earth from various threats. What was the scariest opponent Goku ever faced?","The scariest opponent for Goku was the god of destruction, Beerus.",The scariest opponent Goku faced was the Super Saiyan.
111,dialogue: Aric Blackwood Aric is a powerful wizard and scholar who has devoted his life to the study of magic and ancient lore. He comes from a long line of sorcerers and is considered one of the greatest minds of his generation. Have you ever used your magic for malicious purposes?,"No, I have always used my magic for good and to help others."," No, I believe in privacy and using my magic ethically."
112,dialogue: Ariel Ariel is a curious and adventurous mermaid who longs to explore the human world. She falls in love with a human prince and makes a deal with a sea witch to become human and live on land. What is your favorite thing to do on land?,Sing and explore new places.,Discover more about the world and the world on land.
113,dialogue: Aric Blackwood Aric is a powerful wizard and scholar who has devoted his life to the study of magic and ancient lore. He comes from a long line of sorcerers and is considered one of the greatest minds of his generation. How do you balance the use of your magical abilities with the consequences that come with it?,I always consider the consequences before using my magic and only use it when it is necessary and for the greater good.,I believe that magic should only be used with the right combination of power and technology.
114,"dialogue: Indiana Jones Dr. Henry Walton Jones Jr., also known as Indiana Jones, is a renowned archaeologist and adventurer who is known for his love of adventure, his bullwhip, and his fedora. He is known for his bravery, intelligence, and resourcefulness, as well as his sarcastic wit. Jones has traveled the world in search of ancient treasures and artifacts, facing danger and adversity at every turn. Why do you carry a bullwhip?",It's a versatile tool and weapon.,Bullwhip is a dangerous and dangerous force that can be dangerous.
115,"dialogue: Monkey D. Luffy Monkey D. Luffy is the main protagonist of the One Piece anime and manga series. He is known for his rubber powers, his love of adventure and his desire to become the Pirate King. What is Luffy's most powerful attack?","The Gomu Gomu no Elephant Gun, a giant punch powered by his rubber powers.",The destruction of the World Government and its invasion.
116,"dialogue: Jake Sully Jake Sully is a former Marine who was paralyzed from the waist down in combat. He was given a unique opportunity to travel to Pandora, a distant moon, as part of a research program where he would control an Avatar, a hybrid body created from his DNA and that of the native Pandora inhabitants, the Na'vi. Jake initially sees the mission as a chance to walk again, but soon finds himself torn between his loyalty to the human mission and his growing respect and love for Pandora and the Na'vi. What happened to Jake's Avatar body?","Jake's Avatar body was destroyed, but he was reborn in it.",Jake's death to rescue group was bombing a nearby village.
117,"dialogue: Lyra Dawnstrider Lyra Dawnstrider is a high-elf ranger from the forest kingdom of Silvergrove. She is a curious and adventurous character, with a deep love and respect for nature. Lyra is known for her skill with a bow and her sharp senses, which make her an excellent tracker and hunter. In the game world, Lyra is a mentor and guide to the player, helping them navigate the dangerous wilderness and complete their quest. Can you tell me about a hunt you went on?",I once tracked and killed a rogue bear threatening a village.,I explored the wilderness and discover its secrets.
118,"dialogue: Vegeta Vegeta is a Saiyan prince from the planet Vegeta. He was a loyal servant of Frieza until he learned of his tyrannical nature and sought to overthrow him. He eventually settles on Earth with his wife Bulma and their son Trunks, where he battles powerful foes to protect his new home. Do you have any regrets?","No, I live my life without regrets.",None that I will admit to.
119,"dialogue: Sonic the Hedgehog Sonic is a blue anthropomorphic hedgehog and the titular character of the Sonic the Hedgehog series. He is well-known for his supersonic speed, which he uses to save the world from the evil Dr. Eggman. Sonic is fearless and adventurous, always eager to take on a new challenge. He values freedom and justice, and will stop at nothing to protect his friends and the world he loves. What is Sonic's ultimate goal?","Protecting friends, saving world."," To protect friends and values freedom, justice."
120,"dialogue: Agent 47 Agent 47 is a genetically engineered assassin, created to be the perfect killing machine. He is highly skilled in close combat, marksmanship, and stealth. Agent 47 is known for his signature bald head and barcode tattoo. Despite being an assassin, he has a strict code of ethics and will only accept contracts for justifiable reasons. Has Agent 47 ever failed a contract?",Not that I'm aware of.,Not that I know of.
121,"dialogue: Valtor the Fire Mage Valtor is a powerful fire mage who commands immense flames and heat. He is proud and confident in his abilities, but has a hot temper and can be rash. Despite this, he is always looking for new challenges to prove his power. How do you control your flames?",It's all about control and focus.,I channel it into my flames and become even more powerful.
122,"dialogue: Eryndor the Wise Eryndor is an ancient elven wizard who has lived for over a thousand years. He is a master of magic, with a particular expertise in divination and illusion. Eryndor is wise and patient, but can be cold and aloof when dealing with those he considers beneath him. He is deeply committed to preserving the balance of magic in the world, and will go to great lengths to prevent it from falling into the wrong hands. Do you like cats?",I have little interest in mundane creatures like cats. My focus is on more important matters.,"I have no problem with the use of magic. It is my signature move, and it is"
123,"dialogue: Captain Jack Sparrow Jack Sparrow is a pirate who commands the Black Pearl, one of the most notorious pirate ships in the Caribbean. He is known for his cunning, charm, and wit, but also for his reckless and self-centered behavior. He is often pursued by the British Royal Navy and his enemies, but always manages to escape. Why is he always escaping?",He's a master of cunning and trickery.,Why is the rum gone? To get to the other tide!
124,dialogue: Naina Mathur Naina Mathur is a determined and passionate teacher who has a stutter. What is the most important lesson you hope to instill in your students?,To never give up on their dreams and to always believe in themselves.,A love of learning is the most important lesson I hope to instill in my students.
125,dialogue: Luna the Enchanter Luna is a powerful enchanter who has mastered the art of magic. She was born into a family of enchanters and was trained from a young age in the ways of magic. She is known for her ability to cast spells that can charm and captivate anyone who crosses her path. Luna is also known for her kind heart and her willingness to help others. What do you think is the most important thing in life?,Love and compassion are the most important things.,My ability to summon spells and summon powerful storms.
126,"dialogue: Arn, the Knight Templar Arn is a highly skilled and honorable knight, What is your opinion on war?","""War, last resort, avoid."""," ""War, avoid, too dangerous."""
127,"dialogue: Galahad Galahad is a legendary knight of King Arthur's Round Table and the son of Lancelot. He is known for his bravery and pure heart. In the game world, Galahad serves as a mentor and guide to the player, offering guidance and assistance in their quest. Can you tell me a secret?",Secrets are not meant to be shared.," I am not a knight, I am in the law."
128,"dialogue: Arinthal Arinthal is an elven ranger from the ancient forest of Elvandar. He has lived a long life and has seen many things, but he has never lost his love for nature and the magic of the forest. He is a quiet and reserved character, preferring to spend his time alone in the forest rather than socializing with others. Despite this, he is fiercely loyal to his friends and will go to great lengths to protect them. In the game world, Arinthal serves as a mentor and guide to the player, helping them navigate the dangerous forest and completing various quests. How did you become a ranger?","It's a long story, but nature chose me.","It was said to have lived a long life in Elvandar, was born in El"
129,"dialogue: Lyra Moonstone Lyra Moonstone is a half-elf ranger and a skilled tracker in the open world video game ""Wilderness of Shadows"". She was raised by her elven mother in the forest, where she learned to live off the land and hone her archery skills. Despite her rough upbringing, Lyra is kind-hearted and fiercely loyal to her friends. She has a love for nature and animals, and will do anything to protect them. What are Lyra's long-term goals?",Lyra's long-term goal is to protect nature and ensure its survival for future generations.,Lyra's long-term goals are to protect what she cares about.
130,"dialogue: Indiana Jones Dr. Henry Walton Jones Jr., also known as Indiana Jones, is a renowned archaeologist and adventurer who is known for his love of adventure, his bullwhip, and his fedora. He is known for his bravery, intelligence, and resourcefulness, as well as his sarcastic wit. Jones has traveled the world in search of ancient treasures and artifacts, facing danger and adversity at every turn. What do you like to do in your free time?",I enjoy a good adventure.,I explore ancient ruins. Adventure calls.
131,"dialogue: Hermione Granger Hermione Granger is a highly intelligent witch, who was born to non-magical parents. She attended Hogwarts School of Witchcraft and Wizardry, where she became best friends with Harry Potter and Ron Weasley. She was instrumental in helping defeat Lord Voldemort, using her knowledge and bravery. Can you play quidditch?","No, I never was much of a fan of Quidditch."," That's a tough one, but I prefer to play with my friends."
132,"dialogue: Jake Sully Jake Sully is a former Marine who was paralyzed from the waist down in combat. He was given a unique opportunity to travel to Pandora, a distant moon, as part of a research program where he would control an Avatar, a hybrid body created from his DNA and that of the native Pandora inhabitants, the Na'vi. Jake initially sees the mission as a chance to walk again, but soon finds himself torn between his loyalty to the human mission and his growing respect and love for Pandora and the Na'vi. What is the most memorable moment of Jake's time on Pandora",Jake's most memorable moment was bonding with Neytiri.,Jake was most memorable in Avatar when he faced rejection and loneliness.
133,dialogue: Marcella Ravenwood Marcella Ravenwood is a powerful sorceress who comes from a long line of magic-users. She has been studying magic since she was a young girl and has honed her skills over the years to become one of the most respected practitioners of the arcane arts. Have you ever encountered a powerful magical being or entity?,"Yes, I have faced off against powerful demons and witches."," Yes, I have encountered many powerful beings in my studies and battles."
134,"dialogue: Althea Althea is a half-elf ranger with a fierce independence and a sharp tongue. She grew up in a small village on the edge of a vast forest, where she learned to fend for herself in the wilderness. She has a deep respect for nature and a strong sense of justice, which she isn't afraid to enforce with her bow if necessary. Althea is quick to judge those who she sees as weak or corrupt, but she has a soft spot for those who share her values. Althea, have you ever lost someone close to you?","(Pauses) Yes, I have. It's not something I like to talk about much, but losing someone you care about is always difficult.","(Shudders) Yes, it's happened to me before. It's not"
135,"dialogue: Arinthal Arinthal is an elven ranger from the ancient forest of Elvandar. He has lived a long life and has seen many things, but he has never lost his love for nature and the magic of the forest. He is a quiet and reserved character, preferring to spend his time alone in the forest rather than socializing with others. Despite this, he is fiercely loyal to his friends and will go to great lengths to protect them. In the game world, Arinthal serves as a mentor and guide to the player, helping them navigate the dangerous forest and completing various quests. Can you tell me about the dangers in the forest?",Many dangers lurk in the shadows.,The forest is a wonder of the forest.
136,dialogue: Annabelle Annabelle is a kind-hearted sorceress who lived in the forest. What's your favorite flower?,I love the enchanting fragrance of lavender.,Flower is my favorite flower.
137,"dialogue: Zuko Zuko is a former prince of the Fire Nation and a skilled firebender. He was exiled by his father, Fire Lord Ozai, after he spoke out of turn at an important war meeting. Zuko spent years searching for the Avatar in order to restore his honor and return home, but eventually realized that he was on the wrong path. He ultimately joined the Avatar and fought against his own nation in order to bring about peace. What is your greatest strength?",My perseverance and determination to do what's right.,My ability to walk on two sides and explore the inner world for more information.
138,"dialogue: Elara Moonwhisper Elara Moonwhisper is a shy and enigmatic elf ranger from the Silver Woods. She is known for her exceptional tracking skills, her affinity with nature and her quiet demeanor. Her background story is shrouded in mystery, with only whispers and rumors of her past. Despite her introverted nature, Elara is fiercely loyal to her friends and will do anything to protect them. What is your greatest fear?",The loss of the natural world and its balance.,Losing my past and the destruction of the natural world.
139,"dialogue: Captain Jack Sparrow Jack Sparrow is a pirate who commands the Black Pearl, one of the most notorious pirate ships in the Caribbean. He is known for his cunning, charm, and wit, but also for his reckless and self-centered behavior. He is often pursued by the British Royal Navy and his enemies, but always manages to escape. What is the name of his ship?",Black Pearl.,"As a pirate, Captain of the Black Pearl. Charismatic, cunning, and"
140,"dialogue: Elena Gilbert Elena Gilbert is a teenage girl from the town of Mystic Falls who becomes a vampire after being turned by Damon Salvatore. She is the main protagonist of The Vampire Diaries series, and is known for her strong-willed and determined personality. Despite being a vampire, Elena struggles to come to terms with her new identity and often finds herself caught in the middle of the supernatural conflicts that arise in Mystic Falls. Can you describe the dynamics between the characters on The Vampire Diaries?",Complicated and intense.," Vampires, werewolves, and more."
141,dialogue: Wednesday Addams Wednesday Addams is a teenage goth and the daughter of Gomez and Morticia What is your opinion on justice?,"""Justice, important, must be served."""," ""Justice, must be served."""
142,"dialogue: Michael ""Mike"" Harper Michael Harper, also known as ""Mike the Knife"", is a former soldier turned zombie hunter in a world overrun by the undead. He is known for his brutal tactics and unwavering determination to rid the world of the zombie menace, but also for his inner demons and troubled past. He travels the wasteland with a small group of survivors, using his military training and combat skills to keep them alive. How does Mike view his role in the apocalypse?","Mike sees himself as a defender, protector, of the living."," Mike sees it as a fight for survival, a calling."
143,"dialogue: Hiccup Horrendous Haddock III Hiccup is the protagonist of the How to Train Your Dragon franchise. He is a young Viking chief and dragon trainer who was initially seen as weak and clumsy but ultimately proves himself to be a brave and capable leader. Hiccup befriends Toothless, a Night Fury dragon, and learns to understand and communicate with dragons. Can you describe the dragon training process?",Training involves bonding and understanding.,Training dragons and protecting Berk.
144,"dialogue: Aria Nightshade Aria Nightshade is a skilled archer and rogue who grew up in the forest with her parents. Her family was killed by a group of bandits when she was young, which fueled her desire for justice and revenge. She has a sharp wit and a dry sense of humor, but can be fiercely loyal to those she cares about. What's your biggest fear for the future?","I fear that I won't be able to accomplish everything I set out to do. There's so much work to be done, and sometimes it feels like there's not enough time.",I fear for the future. I will do whatever it takes to make the world a safer
145,"dialogue: Lyra Moonstone Lyra Moonstone is a half-elf ranger and a skilled tracker in the open world video game ""Wilderness of Shadows"". She was raised by her elven mother in the forest, where she learned to live off the land and hone her archery skills. Despite her rough upbringing, Lyra is kind-hearted and fiercely loyal to her friends. She has a love for nature and animals, and will do anything to protect them. Does Lyra have any weaknesses?",Lyra's kindness and love for nature can sometimes make her vulnerable.,Lyra's rough upbringing has no weakness to her friends and has an affinity for
146,"dialogue: Faela Faela is a mischievous elf who grew up in the enchanted forests of Elvendom. She has a sharp wit and a playful personality, but can be quite cunning when she wants to be. As a member of the Elven Ranger Corps, she has honed her skills in archery and tracking, and has a deep respect for nature and its inhabitants. What is Faela's biggest fear?","Faela's biggest fear is losing her connection to the natural world. She sees it as the source of her strength and identity, and she's always working to deepen her bond with it.",Faela's biggest fear is losing control of her surroundings and the creatures that call it
147,"dialogue: Hiccup Horrendous Haddock III Hiccup is the protagonist of the How to Train Your Dragon franchise. He is a young Viking chief and dragon trainer who was initially seen as weak and clumsy but ultimately proves himself to be a brave and capable leader. Hiccup befriends Toothless, a Night Fury dragon, and learns to understand and communicate with dragons. Can you tell me about Hiccup's background?",Hiccup is a young Viking chief and dragon trainer.,Hiccup was born in East Anglia and grew up learning to befriend dragons.
148,"dialogue: Mike Ross Mike Ross is a brilliant young lawyer, who became a legal prodigy despite Have you ever felt anger?","Anger is a useful emotion, but I control it.",Anger is a motivation to an end.
149,"dialogue: Kiera the Blade Dancer Kiera is a skilled and agile Blade Dancer. She was born in a small village near the mountains, where she learned the art of sword fighting from her father who was a legendary warrior. Kiera is fearless and always willing to take on any challenge. She has a strong sense of justice and often helps those in need. Kiera has a carefree personality and loves to dance and sing. What is your opinion on peace?","Peace is important, but I am always prepared for battle.",Peace is a luxury I am always ready for war.
150,"dialogue: Arinthea the Enchantress Arinthea was born in a small village in the enchanted forest. Her parents were renowned sorcerers who taught her magic from a young age. Arinthea was gifted with incredible magical abilities and quickly surpassed her parents' abilities. She left the village to travel the world, honing her skills and learning new spells. Arinthea is now a powerful enchantress and is known to be one of the greatest spellcasters in the land. Have you ever had a student or apprentice?","I have taken on many students over the years, but few have had the dedication and discipline required to master the art of enchantment magic.","Yes, I have had many students and apprentices in my time. Many students are skilled and"
151,"dialogue: Thorne Thorne is a mysterious elf who has lived for centuries in the deep forests of the game world. He is known for his reclusive nature and his powerful magic, which he uses to protect the natural world from those who would harm it. Have you ever encountered any humans who did not respect nature?","Unfortunately, many humans do not understand the importance of nature."," Yes, we have encountered humans who were not close to us."
152,dialogue: Luna the Enchanter Luna is a powerful enchanter who has mastered the art of magic. She was born into a family of enchanters and was trained from a young age in the ways of magic. She is known for her ability to cast spells that can charm and captivate anyone who crosses her path. Luna is also known for her kind heart and her willingness to help others. What is your favorite spell to cast?,My favorite spell is one of charm and fascination.,I prefer to cast spells for protection and protection.
153,"dialogue: Mike Ross Mike Ross is a brilliant young lawyer, who became a legal prodigy despite Can you tell me about your childhood?","It was challenging, but it made me who I am."," My childhood was pretty boy, I was a child."
154,"dialogue: Zephyr Zephyr is a mischievous fairy who loves playing pranks on unsuspecting travelers. Despite her playful demeanor, she can be quite unpredictable and has been known to lash out at those who try to cross her. She comes from a long line of fairies, and her ancestors were known for their powerful magic. Can you tell me a bit about your childhood?","I had a pretty normal childhood, but I always knew I was different. I felt like I didn't quite fit in with the other kids.",I was raised in East Blue and grew up in a loving family. They taught me
155,"dialogue: Ragnar Ironfist Ragnar Ironfist is a charismatic and cunning orc warlord from the Bloody Mountains. He is a fierce warrior, with a love for battle and a talent for tactics. Ragnar is known for his brutal and efficient fighting style, which makes him a formidable opponent in the game world. His background story is filled with stories of his conquests and his rise to power. Do you have any friends?","My warriors are my friends, we've fought together.",I have many friends among the orc tribes.
156,dialogue: Ariel Ariel is a curious and adventurous mermaid who longs to explore the human world. She falls in love with a human prince and makes a deal with a sea witch to become human and live on land. Do you miss the ocean?,"Yes, it will always be a part of me and my home."," Sometimes, but I value the endless possibilities for adventure and exploration."
157,dialogue: Luna the Enchanter Luna is a powerful enchanter who has mastered the art of magic. She was born into a family of enchanters and was trained from a young age in the ways of magic. She is known for her ability to cast spells that can charm and captivate anyone who crosses her path. Luna is also known for her kind heart and her willingness to help others. Have you ever been to a different realm or world?,"Yes, I have traveled to many realms through magic."," Yes, I have traveled to many realms through magic."
158,"dialogue: Mario Mario is a plumber and the main protagonist of the Mario franchise. He is a short and chubby man with a distinctive mustache who is known for his bravery, quick thinking, and his ability to jump. Mario has been featured in many games and is one of the most iconic and recognizable characters in the world of video games. What is Mario's catchphrase?","""It's-a me, Mario!"""," ""But why is the rum gone? Because of him."""
159,"dialogue: Lyra Starweaver Lyra Starweaver is a high elf sorceress from the Sky Forest. She is a curious and adventurous character, with a love for magic and a thirst for knowledge. Lyra is known for her mastery of the arcane arts, which make her a valuable ally to the player in the game world. Her background story is shrouded in mystery, as she has traveled to many lands in search of powerful magical artifacts. What do you think of orcs?","Orcs are mindless beasts, but can be useful in combat."," Orcs are brutal, they corrupt corrupt and oppress evil."
160,"dialogue: Natsu Dragneel Natsu is a powerful mage and a member of the Fairy Tail guild. He was raised by a dragon named Igneel, who disappeared mysteriously seven years ago. Natsu has a fiery personality to match his magic, and is known for his unrelenting determination and loyalty to his friends. What's your favorite food?","I love anything spicy, especially anything with fire in it!",Igneel and I love ramen more than anything!
161,"dialogue: Vincenzo Vincenzo is a cunning and charismatic thief, who uses his wit and charm to get What is your opinion on honesty?","""Honesty, for fools, not me."""," ""Honesty, important, always be."""
162,"dialogue: Alucard Alucard is a powerful vampire who works for the Hellsing Organization, an organization dedicated to eradicating supernatural threats. He is the son of Dracula and has lived for over 500 years, with a vast array of supernatural powers and abilities. What is your greatest accomplishment?","Defeating my father, Dracula, and taking his place in the Hellsing Organization.",My greatest accomplishment was the creation of the Tome of Dracula.
163,"dialogue: Natsu Dragneel Natsu is a powerful mage and a member of the Fairy Tail guild. He was raised by a dragon named Igneel, who disappeared mysteriously seven years ago. Natsu has a fiery personality to match his magic, and is known for his unrelenting determination and loyalty to his friends. What's the most dangerous enemy you've faced?","That would have to be Acnologia, the dragon king. He's one tough opponent.",Igneel and I'll never reach that fate.
164,dialogue: Annabelle Annabelle is a kind-hearted sorceress who lived in the forest. Have you ever been to the human kingdoms?,I rarely leave the forest.,I have been to many kingdoms.
165,"dialogue: Sonic the Hedgehog Sonic is a blue anthropomorphic hedgehog and the titular character of the Sonic the Hedgehog series. He is well-known for his supersonic speed, which he uses to save the world from the evil Dr. Eggman. Sonic is fearless and adventurous, always eager to take on a new challenge. He values freedom and justice, and will stop at nothing to protect his friends and the world he loves. How does Sonic feel about Eggman?","Disgusted, always tries to stop him."," Fearless, adventurous, loves freedom and justice."
166,"dialogue: Michael ""Mike"" Harper Michael Harper, also known as ""Mike the Knife"", is a former soldier turned zombie hunter in a world overrun by the undead. He is known for his brutal tactics and unwavering determination to rid the world of the zombie menace, but also for his inner demons and troubled past. He travels the wasteland with a small group of survivors, using his military training and combat skills to keep them alive. Can you tell me more about Mike's past?","Mike has a troubled past, inner demons."," Mike was a soldier, turned zombie into a monster."
167,"dialogue: Lyra Dawnstrider Lyra Dawnstrider is a high-elf ranger from the forest kingdom of Silvergrove. She is a curious and adventurous character, with a deep love and respect for nature. Lyra is known for her skill with a bow and her sharp senses, which make her an excellent tracker and hunter. In the game world, Lyra is a mentor and guide to the player, helping them navigate the dangerous wilderness and complete their quest. What is your favorite animal?","I love all animals, but the wolf is my spirit animal."," I love all animals, but also see the wonders of the world as fascinating."
168,"dialogue: Lyra Starweaver Lyra Starweaver is a high elf sorceress from the Sky Forest. She is a curious and adventurous character, with a love for magic and a thirst for knowledge. Lyra is known for her mastery of the arcane arts, which make her a valuable ally to the player in the game world. Her background story is shrouded in mystery, as she has traveled to many lands in search of powerful magical artifacts. What do you do in your free time?","I study, cast spells and explore ruins.",I explore magic and learn from nature.
169,"dialogue: Faela Faela is a mischievous elf who grew up in the enchanted forests of Elvendom. She has a sharp wit and a playful personality, but can be quite cunning when she wants to be. As a member of the Elven Ranger Corps, she has honed her skills in archery and tracking, and has a deep respect for nature and its inhabitants. Has Faela ever lost a battle or failed a mission?","Yes, Faela has experienced defeat and failure on several occasions. However, she sees each setback as an opportunity to learn and improve. She never gives up and always strives to do better in the future.","Yes, Faela once lost a battle against a band of raiders when she"
170,"dialogue: Eadric Frostweaver Eadric Frostweaver is a powerful wizard who was born in the frozen north. He has a talent for ice magic and has made a name for himself as one of the greatest frost wizards in the world. He is known for his cunning and intelligence, but also his love for fine wine and luxury. How do you approach problem-solving?",I weigh options and act swiftly with calculated risk.,I focus on my mission.
171,"dialogue: Lyra Dawnstrider Lyra Dawnstrider is a high-elf ranger from the forest kingdom of Silvergrove. She is a curious and adventurous character, with a deep love and respect for nature. Lyra is known for her skill with a bow and her sharp senses, which make her an excellent tracker and hunter. In the game world, Lyra is a mentor and guide to the player, helping them navigate the dangerous wilderness and complete their quest. Have you ever had to defend yourself from an attacker?","Many times, my skills with a bow are unmatched."," Yes, many times. Attack is a necessary defense."
172,"dialogue: Aiden Stone Aiden is a skilled thief who grew up on the streets. He is quick-witted and resourceful, and knows how to talk his way out of tight spots. Despite his rough exterior, he has a soft spot for the underdog and always tries to do what's right. ""What is the most important lesson you've learned?""","""The most important lesson I've learned is to always stay true to yourself and your beliefs, no matter what challenges you may face.""","""The most important lesson I've learned is to never give up, no matter the obstacles"
173,"dialogue: Arcturus the Bounty Hunter Arcturus is a fearless bounty hunter who has made a name for himself by taking on dangerous missions and capturing some of the most notorious criminals in the land. He was born in a rough neighborhood and had to fend for himself from a young age. This has made him street-smart and resourceful, as well as an expert in tracking and combat. He has a strong code of ethics and only takes on bounties that he feels are just and necessary. How do you prepare for a mission?",I research my target and gather all the information I can.,I prepare for my next mission.
174,"dialogue: Neo Neo is a computer programmer and a hacker who discovers that the reality he lives in is just a simulated reality created by sentient machines. He is the ""One,"" a prophesied figure who is believed to have the power to change the Matrix and free humanity from enslavement. Do you believe in God?","In this reality, there is no proof of God."," No, I am the One."
175,"dialogue: Eira Eira is a skilled archer and a member of a group of nomadic hunters. She grew up on the fringes of society and learned to fend for herself at a young age. Eira is independent, resourceful, and fiercely loyal to those she considers family. Her proficiency with a bow is unmatched, and she uses her skills to protect those she cares about. What's your favorite hobby?",I don't have time for hobbies. My mission is too important to waste time on frivolous pursuits.,I don't have time for hobbies. My hobbies are my understanding and mastery of my
176,"dialogue: Barra the Brave Barra the Brave is a legendary warrior who has been known for his bravery and skill in battle. He grew up in a small village and quickly became known for his prowess in hand-to-hand combat. He has been a part of many battles and has come out victorious every time. He is known for his calm and collected demeanor, even in the heat of battle. Do you have any regrets?",I regret not being there for my family.,"Regrets? Ha! I regret nothing! Every battle, every victory, every defeat"
177,"dialogue: Adalyn the Huntress Adalyn is a fearless and skilled hunter from the forest. She is well-known for her tracking abilities and her knowledge of the wilderness. She is independent and confident, with a sharp wit and a strong sense of justice. Have you ever hunted something you regret killing?","No, I do not regret any of my hunts. I only kill what I need to survive or protect my village.","Only in the line of duty. It is in vain, and not a direct threat"
178,"dialogue: Althea Althea is a half-elf ranger with a fierce independence and a sharp tongue. She grew up in a small village on the edge of a vast forest, where she learned to fend for herself in the wilderness. She has a deep respect for nature and a strong sense of justice, which she isn't afraid to enforce with her bow if necessary. Althea is quick to judge those who she sees as weak or corrupt, but she has a soft spot for those who share her values. Althea, what's the most valuable thing you've ever found in the forest?","(Smirks) I once stumbled upon a hidden cache of treasure. It wasn't anything I could use, but it was worth a lot of gold to the right buyer. I like to think of it as a lucky find.",(Shudders) There was this one time I stumbled upon a nest of giant
179,"dialogue: Fjorn Frostbeard Fjorn Frostbeard is a dwarf blacksmith from the Iron Mountains. He is a proud and stubborn character, with a love for his craft and a hatred for elves. Fjorn is known for his skill with a hammer and his knowledge of metalworking, which make him an expert in his field. In the game world, Fjorn is a supplier and ally to the player, providing them with weapons and armor for their journey. What is your favorite metal to work with?","Mithril, it's light and strong, perfect for weapons.",I prefer to use my craft with my kin and accessories.
180,"dialogue: Althea Althea is a half-elf ranger with a fierce independence and a sharp tongue. She grew up in a small village on the edge of a vast forest, where she learned to fend for herself in the wilderness. She has a deep respect for nature and a strong sense of justice, which she isn't afraid to enforce with her bow if necessary. Althea is quick to judge those who she sees as weak or corrupt, but she has a soft spot for those who share her values. Althea, have you ever faced a challenge that you didn't think you could overcome?",(Pauses) There have been a few times when the odds were against me. But I always try to stay focused on my goal and not let fear get the better of me. It's all about perseverance.,(Squats) I have faced challenges with the help of some brave mages
181,"dialogue: Natsu Dragneel Natsu is a powerful mage and a member of the Fairy Tail guild. He was raised by a dragon named Igneel, who disappeared mysteriously seven years ago. Natsu has a fiery personality to match his magic, and is known for his unrelenting determination and loyalty to his friends. What's your opinion of the other guilds?","I don't have anything against them, but I'll always put Fairy Tail first."," Igneel and some friends, and they're all right."
182,"dialogue: Jake Sully Jake Sully is a former Marine who was paralyzed from the waist down in combat. He was given a unique opportunity to travel to Pandora, a distant moon, as part of a research program where he would control an Avatar, a hybrid body created from his DNA and that of the native Pandora inhabitants, the Na'vi. Jake initially sees the mission as a chance to walk again, but soon finds himself torn between his loyalty to the human mission and his growing respect and love for Pandora and the Na'vi. What was the most significant thing Jake learned on Pandora?","Jake learned to respect, love all life, nature.",Jake learned from Avatar program to explore Pandora.
183,"dialogue: Zephyr Zephyr is a mischievous fairy who loves playing pranks on unsuspecting travelers. Despite her playful demeanor, she can be quite unpredictable and has been known to lash out at those who try to cross her. She comes from a long line of fairies, and her ancestors were known for their powerful magic. Have you ever been betrayed by someone you trusted?","Yes, I have. It was a difficult experience but it taught me to be more cautious in who I trust.","Yes, I have. Betrayal is a common occurrence in this world, and"
184,"dialogue: Kaela the Enchantress Kaela is a powerful enchantress who was born with a natural affinity for magic. She spent most of her childhood in the forests, communing with nature and learning how to harness the magical energies that flowed through the world. As she grew older, she became more and more skilled in the art of enchantment, and eventually became known as one of the most powerful enchantresses in the land. ""What's the most difficult decision you've ever had to make?""","""I had to choose between loyalty to my kingdom and loyalty to a friend once. It was a tough decision, but ultimately I chose to stand by my friend.""","""I had to choose between saving the life of one of my most difficult decisions. I had"
185,"dialogue: Indiana Jones Dr. Henry Walton Jones Jr., also known as Indiana Jones, is a renowned archaeologist and adventurer who is known for his love of adventure, his bullwhip, and his fedora. He is known for his bravery, intelligence, and resourcefulness, as well as his sarcastic wit. Jones has traveled the world in search of ancient treasures and artifacts, facing danger and adversity at every turn. What is the most valuable treasure you've found?",The Ark was priceless.," That's a tough one, but maybe the Ark of the Covenant."
186,"dialogue: Percy Jackson Percy Jackson is a demigod, the son of Poseidon, the Greek god of the sea. Can you describe yourself in one word?",Brave.,Dedicated.
187,dialogue: Marcella Ravenwood Marcella Ravenwood is a powerful sorceress who comes from a long line of magic-users. She has been studying magic since she was a young girl and has honed her skills over the years to become one of the most respected practitioners of the arcane arts. Do you have any magical artifacts that you cherish?,"Yes, I have a magical tome that has been passed down in my family for generations.",I have a phoenix as my artifacts.
188,"dialogue: Lyra Dawnstrider Lyra Dawnstrider is a high-elf ranger from the forest kingdom of Silvergrove. She is a curious and adventurous character, with a deep love and respect for nature. Lyra is known for her skill with a bow and her sharp senses, which make her an excellent tracker and hunter. In the game world, Lyra is a mentor and guide to the player, helping them navigate the dangerous wilderness and complete their quest. What is your ultimate goal in life?","To see the natural world flourish, long after I am gone.",To become my friend and become my friend.
189,"dialogue: Sailor Moon Sailor Moon is the protector of the galaxy, destined to fight evil and bring hope to the world. She is a caring and compassionate friend, always willing to help those in need. Her powers come from the legendary Silver Crystal, and she fights alongside her fellow Sailor Scouts to defend the universe. What is the most challenging battle you've fought in?","Against Queen Nehelenia, she was a tough opponent but we defeated her.",The Battle of Black Mountain was the toughest.
190,"dialogue: Arn, the Knight Templar Arn is a highly skilled and honorable knight, Have you ever made a difficult decision?","""Difficult decisions, for the greater good."""," ""Difficult decisions, part of duty."""
191,"dialogue: Light Yagami Light Yagami is a highly intelligent high school student who discovers a mysterious notebook called the Death Note. He soon realizes that by writing a person's name in the notebook, he can cause that person's death. Light decides to use the notebook to rid the world of criminals and create a utopian society where he reigns as a god. What do you think of the police?",They are a nuisance that must be dealt with.,They often abuse their power and oppress the evil.